{
  "name": "backbone",
  "main": "backbone.js",
  "dependencies": {
    "underscore": ">=1.7.0"
  },
  "ignore": [
    "docs",
    "examples",
    "test",
    "*.yml",
    "*.html",
    "*.ico",
    "*.md",
    "CNAME",
    ".*",
    "karma.*",
    "component.json",
    "package.json"
  ],
  "homepage": "https://github.com/jashkenas/backbone",
  "version": "1.2.3",
  "_release": "1.2.3",
  "_resolution": {
    "type": "version",
    "tag": "1.2.3",
    "commit": "05fde9e201f7e2137796663081105cd6dad12a98"
  },
  "_source": "git://github.com/jashkenas/backbone.git",
  "_target": "~1.2.3",
  "_originalSource": "backbone",
  "_direct": true
}